word,count,relative_use
writings,8,0.000111664782323
worshiped,2,2.39580977904e-05
foul,3,3.39580977904e-05
narcotic,4,4.39580977904e-05
